id_bloque,bloque,color
1,A.R.I,#2ca02c
2,A.R.I Autónomo 8 +,#2ca02c
3,Acción por la República,
4,Alianza,
5,Alianza Frente Alternatva Pampeana,
6,Autodeterminación y Libertad,
7,Autonomista de Corrientes,
8,Bloque GEN,
9,Bloque por la Verdad,
10,Bloque Social Patagónico,
11,Bloque Unipersonal,
12,"Bloque Unipersonal Cultura, Educación y Trabajo",
13,Bloquista de San Juan,
14,Bs. As. para Todos en Proyecto Sur,
15,Buenos Aires,
16,Buenos Aires por el Cambio,
17,Coalición Cívica,#2ca02c
18,Coalición Cívica - ARI,#2ca02c
19,Coalición Cívica - ARI - GEN - UPT,#2ca02c
20,Compromiso Federal,
21,Compromiso para el Cambio,
22,Concertación Entrerriana,
23,Consenso Federal,
24,Convergencia,
25,Convergencia Federal,
26,Córdoba Federal,
27,Corriente de Pensamiento Federal,
28,Corriente Peronista Federal,
29,Cruzada Renovadora,
30,De la Concertación,
31,Democracia Igualitaria y Participativa,
32,Demócrata,
33,Demócrata de Capital Federal,
34,Demócrata de Mendoza,
35,Demócrata Progresista,
36,Desarrollo y Justicia,
37,Diálogo por Buenos Aires,
38,Dignidad Peronista,
39,Dignidad y Justicia,
40,El Chacho,
41,Emancipación y Justicia,
42,Encuentro,
43,Encuentro Popular,
44,Encuentro Popular y Social,
45,Eva Perón,
46,F.F.J. Azul y Blanco,
47,F.I.S.CA.L,
48,Fe,
49,Federal,
50,Frente Cívico - Córdoba,
51,Frente Cívico por Santiago,#4b088a
52,Frente Cívico Social,
53,Frente Cívico Tucumán,
54,Frente Cívico y Social,
55,Frente Cívico y Social de Catamarca,
56,Frente de Todos,
57,Frente de Unidad Provincial,
58,Frente del Movimiento Popular,
59,Frente Grande,
60,Frente Justicia Unión y Libertad,
61,Frente Nuevo Encuentro,
62,Frente para el Cambio,
63,Frente para la Victoria - Partido Bloqui,
64,Frente para la Victoria - PJ,#1f77b4
65,Frente Partido Nuevo,
66,Frente Peronista,#0b615e
67,Frente Peronista Federal,
68,Frente Polo Social,
69,Frente Popular Bonaerense,
70,Frente por la Inclusión Social,
71,Frente por los Derechos Ciudadanos,
72,Frente Producción y Trabajo,
73,Frente Prog. Cívico y Social,
74,Frente Proyecto Corrientes,
75,Frente Renovador,
76,Frente Renovador Peronista,
77,FREPASO,
78,Fuerza Porteña,
79,Fuerza Republicana,
80,GEN,
81,Guardia Peronista,
82,Interbloque Acción por la Repúbliica,
83,Izquierda Unida,
84,Justicialismo Republicano,
85,Justicialista,#1f77b4
86,Justicialista Nacional,
87,La Argentina de los Valores,
88,Liberal de Corrientes,
89,Libres del Sur,
90,lzquierda Unida,
91,M.M.T.A.,
92,Memoria y Democracia,
93,MO.RE.CI,
94,Mov. de Bases Independientes,
95,Movimiento Cívico y Social,
96,Movimiento Independiente,
97,Movimiento Pampa Sur,
98,Movimiento Popular Fueguino,
99,Movimiento Popular Neuquino,
100,Movimiento Proyecto Sur,
101,Nacional Sindical,
102,No Integra Bloque,
103,Nucleo Unidad Peronista,
104,Nuevo Encuentro,
105,Nuevo Encuentro Popular y Solidario,
106,Nuevo Espacio Entrerriano,
107,Participación Ciudadana,
108,Partido de la Concertación - FORJA,
109,Partido de la Revolución Democrática,
110,Partido Demócrata por la Capital Federal,
111,Partido Federal,
112,Partido Federal Fueguino,
113,Partido Intransigente,
114,Partido Justicialista La Pampa,
115,Partido Liberal de Corrientes,
116,Partido Nuevo,
117,Partido Nuevo Contra la Corrupción,
118,Partido Socialista,#fa58f4
119,Partido Socialista Popular,
120,Partido Unidad Federalista,
121,Peronismo Federal,
122,Peronismo Jujeño,
123,Peronismo mas al Sur,
124,Peronismo Peronista,
125,Peronismo Popular,
126,Peronista,
127,Peronista Córdoba Ciudadana,
128,Peronista Federal,
129,Peronista Salteño,
130,Polo Social,
131,PRO,#e7ba52
132,Propuesta Peronista,
133,Propuesta Republicana,#e7ba52
134,Proyecto Corrientes,
135,Proyecto Progresista,
136,Proyecto Social Alternativo,
137,Proyecto Sur,
138,Recrear,
139,Recrear -- Tucumán,
140,Recrear para el Crecimiento,
141,Red de Encuentro Social,
142,Renovador de Salta,
143,Ricardo Balbin,
144,Salta Somos Todos,
145,Santa Fe en Movimiento,
146,Santa Fe Federal,
147,SI por la Unidad Popular,
148,Soberania Popular,
149,Socialismo Popular,
150,Socialista del MIJD,
151,Solidaridad e Igualdad (SI),
152,Solidaridad e Igualdad (SI) - ARI (T.D.F),
153,Solidaridad e Igualdad (SI) - Proyecto P,
154,Trabajo y Dignidad,
155,U. Ce. De.,
156,U.De.So.,
157,U.De.So. Salta,
158,Unidad Bonaerense,
159,Unidad Federalista,
160,Unidad para el Desarrollo Social y la Equidad,
161,Unidad Popular,
162,Unión Celeste y Blanca,
163,Unión Celeste y Blanco,
164,Unión Cívica Radical,#d62728
165,Unión Peronista,
166,Unión por Argentina,
167,Unión por San Juan,
168,Unión por Todos,
169,Valores para mi País,
170,Vida y Compromiso,
