diputadoID,nombre,distrito
1,"#, Legislador a Designar",Buenos Aires
2,"#, Legislador a Designar",Cdad.Aut.Bs.As.
3,"#, Legislador a Designar",Chubut
4,"#, Legislador a Designar",Córdoba
5,"#, Legislador a Designar",San Juan
6,"#, Legislador a Designar",Santa Cruz
7,"#, Legislador a Designar",Santa Fe
8,"#, Legislador a Designar",Santiago del Estero
9,"#, Legislador a Designar",Tucumán
10,"ABALOS, Roberto",Santiago del Estero
11,"ABASTO, Angel Leonidas",Buenos Aires
12,"ABDALA de MATARAZZO, Norma Amanda",Santiago del Estero
13,"ABDALA, Josefina",Mendoza
14,"ABELLA, Miguel Angel",Córdoba
15,"ACCASTELLO, Eduardo",Córdoba
16,"ACCAVALLO, Julio César",Rio Negro
17,"ACEVEDO, Sergio Edgardo",Santa Cruz
18,"ACOSTA de AHUMADA, María Julia",Catamarca
19,"ACUÑA KUNZ, Juan",Santa Cruz
20,"ACUÑA, Hugo Rodolfo",Neuquén
21,"AGOSTO, Walter",Santa Fe
22,"AGUAD, Oscar Raúl",Córdoba
23,"AGUERO, Elda Susana",Buenos Aires
24,"AGUILAR, Lino Walter",San Luis
25,"AGUIRRE de SORIA, Hilda",La Rioja
26,"ALARCIA, Martha Carmen",Córdoba
27,"ALARCON, María del Carmen",Santa Fe
28,"ALBARRACIN, Jorge Luis",Mendoza
29,"ALBRIEU, Oscar Edmundo Nicolas",Rio Negro
30,"ALBRISI, César Alfredo",Córdoba
31,"ALCHOURON, Guillermo Eduardo",Buenos Aires
32,"ALCUAZ, Horacio Alberto",Buenos Aires
33,"ALESANDRI, Carlos Tomas",Córdoba
34,"ALESSANDRO, Dario Pedro",Cdad.Aut.Bs.As.
35,"ALFARO, Germán Enrique",Tucumán
36,"ALFONSIN, Ricardo Luis",Buenos Aires
37,"ALIZEGUI, Antonio Anibal",Entre Ríos
38,"ALLENDE IRIARTE, Alberto",Cdad.Aut.Bs.As.
39,"ALLENDE, Alfredo Estanislao",Buenos Aires
40,"ALONSO, Gumersindo Federico",Córdoba
41,"ALONSO, Laura",Cdad.Aut.Bs.As.
42,"ALONSO, María Luz",La Pampa
43,"ALVAREZ RODRIGUEZ, Cristina",Buenos Aires
44,"ALVAREZ, Elsa María",Santa Cruz
45,"ALVAREZ, Jorge Mario",Santa Fe
46,"ALVAREZ, Juan José",Buenos Aires
47,"ALVAREZ, Roque Tobías",Tucumán
48,"ALVARO, Héctor Jorge",Mendoza
49,"AMADEO, Eduardo Pablo",Buenos Aires
50,"AMENTA, Marcelo Eduardo",Buenos Aires
51,"AMSTUTZ, Guillermo",Mendoza
52,"ANAUATE, Carlos Alfredo",Santiago del Estero
53,"ANCARANI, Hilda Norma",Buenos Aires
54,"ARAGON, Santiago",Buenos Aires
55,"ARAGONES de JUAREZ, Mercedes María",Santiago del Estero
56,"ARBO, José Ameghino",Corrientes
57,"ARDID, Mario Rolando",Córdoba
58,"ARENA, Celia Isabel",Santa Fe
59,"ARETA, María Josefa",Corrientes
60,"ARGÜELLO, Jorge",Cdad.Aut.Bs.As.
61,"ARGÜELLO, Octavio",Buenos Aires
62,"ARGUL, Marta del Carmen",Jujuy
63,"ARGUMEDO, Alcira Susana",Cdad.Aut.Bs.As.
64,"ARNALDI, Monica Susana",Buenos Aires
65,"ARNOLD, Eduardo Ariel",Santa Cruz
66,"ARREGUI, Andrés Roberto",Buenos Aires
67,"ARRIAGA, Julio Esteban",Rio Negro
68,"ARTOLA, Isabel Amanda",Buenos Aires
69,"ASEF, Daniel Edgardo",Córdoba
70,"ASPIAZU, Lucio Bernardo",Corrientes
71,"ASSEFF, Alberto Emilio",Buenos Aires
72,"ATANASOF, Alfredo Néstor",Buenos Aires
73,"AUGSBURGER, Silvia",Santa Fe
74,"AVOSCAN, Herman Horacio",Rio Negro
75,"AYALA, Juan Carlos",Chaco
76,"AZCOITI, Pedro José",Buenos Aires
77,"BAGLINI, Raúl Eduardo",Mendoza
78,"BAIGORRI, Guillermo Francisco",San Juan
79,"BAIGORRIA, Miguel Angel",Tierra del Fuego
80,"BALADRON, Manuel Justo",La Pampa
81,"BALCEDO, María Ester",Buenos Aires
82,"BALDATA, Griselda Angela",Córdoba
83,"BALESTRA, René Helvecio",Santa Fe
84,"BALESTRINI, Alberto",Buenos Aires
85,"BALIAN, Alejandro",Córdoba
86,"BALTER, Carlos Mario",Mendoza
87,"BALTUZZI, Angel Enzo",Santa Fe
88,"BARAGIOLA, Vilma Rosana",Buenos Aires
89,"BARBAGELATA, María Elena",Cdad.Aut.Bs.As.
90,"BARBIERI, Mario Leandro",Buenos Aires
91,"BARCHETTA, Omar Segundo",Santa Fe
92,"BARRANDEGUY, Raúl Enrique",Entre Ríos
93,"BARRIONUEVO, José Luis",Catamarca
94,"BARRIOS, Miguel Angel",Santa Fe
95,"BARTOLUCCI, Gilda Liliana",San Luis
96,"BASILE, Daniel Armando",Buenos Aires
97,"BASTEIRO, Sergio Ariel",Buenos Aires
98,"BASTERRA, Luis Eugenio",Formosa
99,"BASUALDO, Roberto",San Juan
100,"BAYLAC, Juan Pablo",Buenos Aires
101,"BAYONZO, Liliana Amelia",Chaco
102,"BAZZE, Miguel Ángel",Buenos Aires
103,"BECCANI, Alberto Juan",Santa Fe
104,"BECERRA, Omar Enrique",Tierra del Fuego
105,"BEDANO, Nora Esther",Córdoba
106,"BEJARANO, Mario Fernando",Formosa
107,"BELOUS, Nélida",Tierra del Fuego
108,"BENAS, Verónica Claudia",Santa Fe
109,"BENEDETTI, Atilio Francisco Salvador",Entre Ríos
110,"BERNAL, María Eugenia",Jujuy
111,"BERNAZZA, Claudia Alicia",Buenos Aires
112,"BERRAUTE, Ana",Santa Fe
113,"BERTOL, Paula María",Cdad.Aut.Bs.As.
114,"BERTOLYOTTI, Delma Noemí",Entre Ríos
115,"BERTONE, Rosana Andrea",Tierra del Fuego
116,"BETTANIN, Juan Carlos",Santa Fe
117,"BEVACQUA, Adriana Norma",Entre Ríos
118,"BEVERAGGI, Margarita Beatriz",Chaco
119,"BIANCHI SILVESTRE, Marcela",Buenos Aires
120,"BIANCHI, Ivana María",San Luis
121,"BIANCHI, María del Carmen",Cdad.Aut.Bs.As.
122,"BIANCO, Lía Fabiola",Misiones
123,"BIDEGAIN, Gloria Mercedes",Buenos Aires
124,"BIELLA CALVET, Bernardo José",Salta
125,"BIELSA, Rafael",Cdad.Aut.Bs.As.
126,"BIGLIERI, María Emilia",Santa Fe
127,"BINNER, Hermes",Santa Fe
128,"BISUTTI, Delia Beatriz",Cdad.Aut.Bs.As.
129,"BLANCO de PERALTA, Blanca",Santa Cruz
130,"BLANCO, Jesus Abel",Buenos Aires
131,"BONACINA, Mario Hector",Santiago del Estero
132,"BONACORSI, Juan Carlos",Buenos Aires
133,"BONASSO, Miguel",Cdad.Aut.Bs.As.
134,"BONINO, Miguel Angel",San Luis
135,"BORDENAVE, Marcela Antonia",Buenos Aires
136,"BORRELLI, Osvaldo Martín",Cdad.Aut.Bs.As.
137,"BORSANI, Luis Gustavo",Mendoza
138,"BORTOLOZZI de BOGADO, Adriana Raquel",Formosa
139,"BOSCH de SARTORI, Irene Miriam",Misiones
140,"BOSSA, Mauricio",Córdoba
141,"BRANDONI, Adalberto Luis",Buenos Aires
142,"BRAVO, Alfredo Pedro",Cdad.Aut.Bs.As.
143,"BRAWER, Mara",Cdad.Aut.Bs.As.
144,"BREARD, Noel Eugenio",Corrientes
145,"BRILLO, José Ricardo",Neuquén
146,"BRIOZZO, Alberto Nicolas",Buenos Aires
147,"BRITOS, Oraldo Norvel",San Luis
148,"BRIZUELA Y DORIA DE CARA, Olga Inés",La Rioja
149,"BROMBERG, Isaac Benjamín",Tucumán
150,"BROWN, Carlos Ramón",Buenos Aires
151,"BRUE, Daniel Agustín",Santiago del Estero
152,"BUCCO, Jorge Luis",Córdoba
153,"BULACIO, Nancy Evangelina",Tucumán
154,"BULLRICH, Esteban",Cdad.Aut.Bs.As.
155,"BULLRICH, Patricia",Cdad.Aut.Bs.As.
156,"BURYAILE, Ricardo",Formosa
157,"BURZACO, Eugenio",Buenos Aires
158,"BUSSI, Ricardo",Tucumán
159,"BUSSI, Ricardo Argentino",Tucumán
160,"BUSTI, Jorge Pedro",Entre Ríos
161,"CABALLERO MARTIN, Carlos Aurelio",Santa Fe
162,"CACERES, Gladys Antonia",La Rioja
163,"CAFIERO, Mario Alejandro",Buenos Aires
164,"CALCAGNO, Eric",Buenos Aires
165,"CALCHAQUI, Mariel",Tierra del Fuego
166,"CALVO, Pedro Jorge Camilo",Cdad.Aut.Bs.As.
167,"CALZA, Nelio Higinio",Entre Ríos
168,"CAMAÑO, Dante",Buenos Aires
169,"CAMAÑO, Eduardo Oscar",Buenos Aires
170,"CAMAÑO, Graciela",Buenos Aires
171,"CAMBARERI, Fortunato Rafael",Chubut
172,"CANELA, Susana Mercedes",Salta
173,"CANEVAROLO, Dante Omar",Santa Cruz
174,"CANTERO GUTIERREZ, Alberto",Córdoba
175,"CANTERO, Fernando Alfredo",Cdad.Aut.Bs.As.
176,"CANTEROS, Gustavo Jesús Adolfo",Corrientes
177,"CANTINI, Guillermo Marcelo",Cdad.Aut.Bs.As.
178,"CANTOS, José María",Santiago del Estero
179,"CAPELLO, Mario Osvaldo",San Juan
180,"CAPPELLERI, Pascual",Buenos Aires
181,"CARBONETTO, Daniel",Buenos Aires
182,"CARCA, Elisa Beatriz",Buenos Aires
183,"CARDELLI, Jorge Justo",Cdad.Aut.Bs.As.
184,"CARDESA, Enrique Gustavo",Buenos Aires
185,"CARLOTTO, Remo Gerardo",Buenos Aires
186,"CARMONA, Guillermo Ramón",Mendoza
187,"CARMONA, María Araceli",Corrientes
188,"CARRANZA, Carlos Alberto",Santa Fe
189,"CARRILLO, María Del Carmen",Tucumán
190,"CARRIO, Elisa María Avelina",Cdad.Aut.Bs.As.
191,"CARRIO, Elisa María Avelina",Chaco
192,"CASANOVAS, Jorge Osvaldo",Buenos Aires
193,"CASAÑAS, Juan Francisco",Tucumán
194,"CASELLES, Graciela María",San Juan
195,"CASERIO, Carlos Alberto",Córdoba
196,"CASSESE, Marina",Buenos Aires
197,"CASTALDO, Norah Susana",Tucumán
198,"CASTAÑON, Hugo",Rio Negro
199,"CASTELLANI, Carlos Alberto",Santa Fe
200,"CASTRO, Alicia Amalia",Buenos Aires
201,"CATALAN MAGNI, Julio César",Tierra del Fuego
202,"CAVADINI, Eduardo",Jujuy
203,"CAVALLERO, Hector José",Santa Fe
204,"CAVIGLIA, Franco Agustin",Buenos Aires
205,"CECCO, Carlos Jaime",Entre Ríos
206,"CEJAS, Jorge Alberto",Rio Negro
207,"CERDAN, Argentina",Formosa
208,"CEREZO, Octavio Néstor",Catamarca
209,"CESAR, Nora",Buenos Aires
210,"CETTOUR, Hugo Ramón",Entre Ríos
211,"CHAYA, María Lelia",Salta
212,"CHEMES, Jorge Omar",Entre Ríos
213,"CHIACCHIO, Nora Alicia",Buenos Aires
214,"CHIENO, María Elena",Corrientes
215,"CHIQUICHANO, Rosa Laudelina",Chubut
216,"CHIRONI, Fernando Gustavo",Rio Negro
217,"CIAMPINI, José Alberto",Neuquén
218,"CICILIANI, Alicia Mabel",Santa Fe
219,"CIGOGNA, Luis Francisco Jorge",Buenos Aires
220,"CISTERNA, Victor Hugo",Chubut
221,"CITTADINI, Stella",Córdoba
222,"CLERI, Marcos",Santa Fe
223,"COIRINI, Adriana Elsa",Buenos Aires
224,"COLLANTES, Genaro",Catamarca
225,"COLOMBI, Horacio Ricardo",Corrientes
226,"COLOMBI, Ricardo",Corrientes
227,"COLOMBO, María Teresita del Valle",Catamarca
228,"COLUCIGNO, Aurelia Alicia",Buenos Aires
229,"COMELLI, Alicia Marcela",Neuquén
230,"COMI, Carlos Marcelo",Santa Fe
231,"CONCA, Julio Cesar",San Juan
232,"CONTE  GRAND, Gerardo Amadeo",Cdad.Aut.Bs.As.
233,"CONTE GRAND, Gerardo Amadeo",Cdad.Aut.Bs.As.
234,"CONTI, Diana Beatriz",Buenos Aires
235,"CONTRERA, Mónica Graciela",Chubut
236,"CORCHUELO BLASCO, José Manuel",Chubut
237,"CORDOBA, José Manuel",Santa Cruz
238,"CORDOBA, Stella Maris",Tucumán
239,"CORFIELD, Guillermo Eduardo",Entre Ríos
240,"CORNEJO, Alfredo Victor",Mendoza
241,"CORREA, Elsa Haydee",Mendoza
242,"CORREA, Juan Carlos",Buenos Aires
243,"CORTINA, Roy",Cdad.Aut.Bs.As.
244,"CORTINAS, Ismael Ramón",Corrientes
245,"COSCIA, Jorge Edmundo",Cdad.Aut.Bs.As.
246,"COSTA, Eduardo Raúl",Santa Cruz
247,"COSTA, Roberto Raúl",Buenos Aires
248,"COTO, Alberto Agustín",Buenos Aires
249,"COUREL, Carlos Alberto",Tucumán
250,"CREMER de BUSTI, María Cristina",Entre Ríos
251,"CUCCOVILLO, Ricardo Oscar",Buenos Aires
252,"CUEVAS, Hugo Oscar",Rio Negro
253,"CURLETTI, Miriam Belén",Chaco
254,"CURRILEN, Oscar Rubén",Chubut
255,"CUSINATO, José César Gustavo",Entre Ríos
256,"D`ERRICO, María Rita Antonia",Buenos Aires
257,"DAHER, Zulema Beatriz",Salta
258,"DALLA FONTANA, Ariel",Santa Fe
259,"DAMIANI, Hernán Norberto Luis",Misiones
260,"DAMILANO GRIVARELLO, Viviana Mónica",Chaco
261,"das NEVES, Mario",Chubut
262,"DATO, Alfredo Carlos",Tucumán
263,"DAUD, Jorge Carlos",Entre Ríos
264,"DAZA, Héctor Rubén",Jujuy
265,"DE BARIAZARRA, Roberto Rodolfo",Rio Negro
266,"DE BERNARDI, Eduardo",Chubut
267,"DE BRASI, Marta Susana",Cdad.Aut.Bs.As.
268,"De FERRARI RUEDA, Patricia",Córdoba
269,"De GENNARO, Victor Norberto",Buenos Aires
270,"DE LA BARRERA, Guillermo",Catamarca
271,"DE LA ROSA, Maria Graciela",Formosa
272,"DE MARCHI, Omar Bruno",Mendoza
273,"DE NARVAEZ, Francisco",Buenos Aires
274,"DE NUCCIO, Fabián",Buenos Aires
275,"de PEDRO, Eduardo Enrique",Buenos Aires
276,"de PRAT GAY, Alfonso",Cdad.Aut.Bs.As.
277,"DE SANCTIS, Guillermo Horacio",San Juan
278,"DEL CAMPILLO, Héctor Eduardo",Córdoba
279,"DEL RICCIO, Ana María del Carmen",Formosa
280,"DELAJONQUIERE, Nelson",Santa Fe
281,"DELICH, Francisco",Córdoba
282,"DELLEPIANE, Carlos Francisco",Buenos Aires
283,"DEPETRI, Edgardo Fernando",Buenos Aires
284,"DI BENEDETTO, Gustavo Daniel",Chubut
285,"DI COLA, Eduardo Román",Córdoba
286,"DI LANDRO, Oscar Jorge",Buenos Aires
287,"DI LEO, Marta Isabel",Buenos Aires
288,"DI POLLINA, Eduardo Alfredo",Santa Fe
289,"di TULLIO, Juliana",Buenos Aires
290,"DIAZ BANCALARI, José María",Buenos Aires
291,"DIAZ COLODRERO, Agustín",Corrientes
292,"DIAZ COLODRERO, Luis María",Corrientes
293,"DIAZ ROIG, Juan Carlos",Formosa
294,"DIAZ, Susana Eladia",Tucumán
295,"DIEZ, María Inés",Salta
296,"DOGA, María Nélida",Buenos Aires
297,"DOMINGUEZ, Julián Andrés",Buenos Aires
298,"DONDA PEREZ, Victoria Analía",Buenos Aires
299,"DONKIN, Carlos Guillermo",Formosa
300,"DOVENA, Miguel Dante",Buenos Aires
301,"DRAGAN, Marcelo Luis",Tierra del Fuego
302,"DRISALDI, María Rita",Santa Cruz
303,"DUCLOS, Omar Arnaldo",Buenos Aires
304,"DUMON, José Gabriel",Buenos Aires
305,"DUTTO, Gustavo Alberto",Buenos Aires
306,"ELICECHE, Carlos Tomas",Chubut
307,"ELIZONDO, Dante",San Juan
308,"ELORRIAGA, Osvaldo Enrique",Entre Ríos
309,"ERRO, Norberto Pedro",Buenos Aires
310,"ESAIN, Daniel Martín",Mendoza
311,"ESCOBAR, Jorge Alberto",San Juan
312,"ESPINDOLA, Gladys Susana",Córdoba
313,"ESPINOLA, Barbara Ines",Buenos Aires
314,"ESTEBAN, Silvia Graciela",Santa Cruz
315,"ETCHEVEHERE, Arturo Roosevelt",Entre Ríos
316,"FABRIS, Luciano",Chaco
317,"FADEL, Patricia Susana",Mendoza
318,"FADUL, Liliana",Tierra del Fuego
319,"FALBO, María del Carmen",Buenos Aires
320,"FALU, José Ricardo",Tucumán
321,"FARIZANO, Juan Carlos",Cdad.Aut.Bs.As.
322,"FAUSTINELLI, Hipólito",Córdoba
323,"FAVARIO, Carlos Alberto",Santa Fe
324,"FAYAD, Victor Manuel Federico",Mendoza
325,"FEIN, Mónica Hayde",Santa Fe
326,"FELETTI, Roberto José",Cdad.Aut.Bs.As.
327,"FELIX, Omar",Mendoza
328,"FELLNER, Eduardo Alfredo",Jujuy
329,"FELLNER, Liliana",Jujuy
330,"FERNANDEZ BASUALDO, Luis María",Formosa
331,"FERNANDEZ de KIRCHNER, Cristina",Santa Cruz
332,"FERNANDEZ LIMIA, Adan Noé",Córdoba
333,"FERNANDEZ SAGASTI, Anabel",Mendoza
334,"FERNANDEZ VALONI, José Luis",Cdad.Aut.Bs.As.
335,"FERNANDEZ, Alfredo Cesar",Mendoza
336,"FERNANDEZ, Horacio Anibal",La Pampa
337,"FERNANDEZ, Marcelo Omar",Buenos Aires
338,"FERNANDEZ, Nicolás Alejandro",Santa Cruz
339,"FERNANDEZ, Pablo Damian",La Pampa
340,"FERNANDEZ, Rodolfo Alfredo",Corrientes
341,"FERRA DE BARTOL, Margarita",San Juan
342,"FERRARI de GRAND, Teresa Hortensia",Entre Ríos
343,"FERRARI, Gustavo Alfredo",Buenos Aires
344,"FERRERO, Fernanda",Cdad.Aut.Bs.As.
345,"FERREYRA, Araceli",Corrientes
346,"FERREYRA, Mario Felix",Tierra del Fuego
347,"FERRI, Gustavo Enrique",Buenos Aires
348,"FERRIGNO OBARRIO, Santiago",La Pampa
349,"FERRIN, María Teresa",Jujuy
350,"FERRO, Francisco José",Buenos Aires
351,"FIAD, Mario Raymundo",Jujuy
352,"FIGUEROA, José Oscar",Santiago del Estero
353,"FILOMENO, Alejandro Oscar",Buenos Aires
354,"FIOL, Paulina Esther",Santa Fe
355,"FIORE VIÑUALES, María Cristina del Valle",Salta
356,"FLORES, Héctor",Buenos Aires
357,"FLORES, Rafael Horacio",Santa Cruz
358,"FOCO, Isabel Emilia",Neuquén
359,"FOGLIA, Teresa Beatriz",Córdoba
360,"FOLLONI, Jorge Oscar",Salta
361,"FONTANETTO, Beatriz Zulema",Santa Fe
362,"FONTDEVILA, Pablo Antonio",Buenos Aires
363,"FORCONI, Juan Carlos",Santa Fe
364,"FORESI, Irma Amelia",Santa Fe
365,"FORTE, Ulises Umberto",La Pampa
366,"FORTUNA, Francisco José",Córdoba
367,"FRANCIONI, Fabián Marcelo",Córdoba
368,"FRANCO, Hugo Alberto",Buenos Aires
369,"FRIGERI, Rodolfo Anibal",Buenos Aires
370,"FUNES, Teodoro Roberto",Córdoba
371,"GALANTINI, Eduardo",Corrientes
372,"GALLAND, Gustavo Carlos",Buenos Aires
373,"GALLARDO, Miriam Graciela del Valle",Tucumán
374,"GALLEGO, Raul Edgardo",Santiago del Estero
375,"GALLO, Daniel Oscar",Tierra del Fuego
376,"GALVALISI, Luis Alberto",Cdad.Aut.Bs.As.
377,"GAMBARO, Natalia",Buenos Aires
378,"GARCIA de CANO, Maria Isabel",Entre Ríos
379,"GARCIA de MORENO, Eva",Chubut
380,"GARCIA HAMILTON, José Ignacio",Tucumán
381,"GARCIA LARRABURU, Silvina Marcela",Rio Negro
382,"GARCIA MENDEZ, Emilio",Cdad.Aut.Bs.As.
383,"GARCIA MERIDA, Miguel Angel",Buenos Aires
384,"GARCIA, Andrea Fabiana",Buenos Aires
385,"GARCIA, Eduardo Daniel",Córdoba
386,"GARCIA, Francisco Alberto",Mendoza
387,"GARCIA, Irma Adriana",La Pampa
388,"GARCIA, María Teresa",Buenos Aires
389,"GARCIA, Susana Rosa",Santa Fe
390,"GARDELLA, Patricia Susana",Buenos Aires
391,"GARIGLIO, Juan Miguel",Santa Fe
392,"GARIN de TULA, Lucia",Catamarca
393,"GARNERO, Estela Ramona",Córdoba
394,"GARRAMUÑO, Jorge Alberto",Tierra del Fuego
395,"GARRE, Nilda Celia",Cdad.Aut.Bs.As.
396,"GARRIDO ARCEO, Jorge Antonio",Buenos Aires
397,"GARRIDO, Manuel",Cdad.Aut.Bs.As.
398,"GASTAÑAGA, Graciela Ines",Buenos Aires
399,"GDANSKY, Carlos Enrique",Buenos Aires
400,"GEIJO, Angel Oscar",Chaco
401,"GENEM, Amanda Susana",Mendoza
402,"GENNARO, Victor",Buenos Aires
403,"GEREZ, Elda Ramona",Santa Fe
404,"GERMANO, Daniel",Santa Fe
405,"GIACCONE, Claudia Alejandra",Santa Fe
406,"GIACOMINO, Daniel Oscar",Córdoba
407,"GIANNETTASIO, Graciela María",Buenos Aires
408,"GIL LAVEDRA, Ricardo Rodolfo",Cdad.Aut.Bs.As.
409,"GIL LOZANO, Claudia Fernanda",Cdad.Aut.Bs.As.
410,"GILES, Guillermo Jorge",Buenos Aires
411,"GINZBURG, Nora",Cdad.Aut.Bs.As.
412,"GIOJA, Juan Carlos",San Juan
413,"GIORGETTI, Jorge Raúl",Santa Fe
414,"GIUBERGIA, Miguel Angel",Jujuy
415,"GIUDICI, Silvana Myriam",Cdad.Aut.Bs.As.
416,"GIUSTINIANI, Rubén Hector",Santa Fe
417,"GODOY, Juan Carlos",Entre Ríos
418,"GODOY, Norma",Buenos Aires
419,"GODOY, Ruperto Eduardo",San Juan
420,"GOMEZ DIEZ, Ricardo",Salta
421,"GOMEZ, Ricardo Carmelo",Buenos Aires
422,"GONZALEZ CABAÑAS, José Armando",Corrientes
423,"GONZALEZ de DUHALDE, Hilda",Buenos Aires
424,"GONZALEZ, Gladys Esther",Buenos Aires
425,"GONZALEZ, Jorge Pedro",Santa Fe
426,"GONZALEZ, Juan Dante",Mendoza
427,"GONZALEZ, María América",Cdad.Aut.Bs.As.
428,"GONZALEZ, Nancy Susana",Chubut
429,"GONZALEZ, Oscar Felix",Córdoba
430,"GONZALEZ, Oscar Roberto",Buenos Aires
431,"GONZALEZ, Rafael Alfredo",Chaco
432,"GORBACZ, Leonardo Ariel",Tierra del Fuego
433,"GORVEIN, Diego Rodolfo",Formosa
434,"GOY, Beatriz Norma",Chaco
435,"GRANADOS, Dulce",Buenos Aires
436,"GRIBAUDO, Christian Alejandro",Buenos Aires
437,"GROSSO, Edgardo Roger Miguel",Córdoba
438,"GROSSO, Leonardo",Buenos Aires
439,"GUCCIONE, José Daniel",Misiones
440,"GUERCI de SIUFI, Beatriz Elvira",Jujuy
441,"GUEVARA, Cristina Rosalía",Cdad.Aut.Bs.As.
442,"GULLO, Juan Carlos Dante",Cdad.Aut.Bs.As.
443,"GUTIERREZ, Alicia Veronica",Santa Fe
444,"GUTIERREZ, Francisco Virgilio",Buenos Aires
445,"GUTIERREZ, Graciela Beatriz",Santa Cruz
446,"GUTIERREZ, Gustavo Eduardo",Mendoza
447,"GUTIERREZ, Julio César",Santa Fe
448,"GUTIERREZ, Mónica Edith",Córdoba
449,"GUZMAN, Olga Elizabeth",Neuquén
450,"HALAK, Beatriz Susana",Córdoba
451,"HARISPE, Gastón",Buenos Aires
452,"HELLER, Carlos",Cdad.Aut.Bs.As.
453,"HEREDIA, Arturo Miguel",Córdoba
454,"HERNANDEZ, Cinthyia Gabriela",Rio Negro
455,"HERNANDEZ, Simón Fermín",Catamarca
456,"HERRERA PAEZ, Enzo Thelismar",La Rioja
457,"HERRERA, Alberto",Tucumán
458,"HERRERA, Griselda Noemí",La Rioja
459,"HERRERA, José Alberto",Santiago del Estero
460,"HERZOVICH, María Elena",Entre Ríos
461,"HONCHERUK, Atlanto",Chaco
462,"HOTTON, Cynthia Liliana",Cdad.Aut.Bs.As.
463,"HUMADA, Julio Cesar",Misiones
464,"IANNI, Ana María",Santa Cruz
465,"IBARRA, Eduardo Mauricio",San Juan
466,"IBARRA, Mauricio",San Juan
467,"IBARRA, Vilma Lidia",Cdad.Aut.Bs.As.
468,"IGLESIAS, Fernando Adolfo",Cdad.Aut.Bs.As.
469,"IGLESIAS, Roberto Raul",Mendoza
470,"ILARREGUI, Luis Alfredo",Buenos Aires
471,"INDA, Graciela Ester",Cdad.Aut.Bs.As.
472,"INGRAM, Roddy Ernesto",Chubut
473,"INSFRAN, Miguel Angel",Formosa
474,"IPARRAGUIRRE, Carlos Raúl",Santa Fe
475,"IRRAZABAL, Juan Manuel",Misiones
476,"ISLA de SARACENI, Celia Anita",Misiones
477,"ITURRASPE, Nora Graciela",Buenos Aires
478,"ITURRIETA, Miguel Angel",Misiones
479,"JALIL, Luis Julián",Neuquén
480,"JANO, Ricardo Javier",Buenos Aires
481,"JAROSLAVSKY, Gracia Maria",Entre Ríos
482,"JARQUE, Margarita Ofelia",Buenos Aires
483,"JENEFES, Guillermo Raul",Jujuy
484,"JEREZ, Esteban Eduardo",Tucumán
485,"JEREZ, Eusebia Antonia",Tucumán
486,"JOBE, Miguel Antonio",Buenos Aires
487,"JOHNSON, Guillermo",Córdoba
488,"JUNIO, Juan Carlos Isaac",Cdad.Aut.Bs.As.
489,"JURI, Mariana",Mendoza
490,"KAKUBUR, Emilio",Misiones
491,"KATZ, Daniel",Buenos Aires
492,"KENNY, Eduardo Enrique Federico",La Pampa
493,"KENT de SAADI, María del Pilar",Catamarca
494,"KIRCHNER, Néstor Carlos",Buenos Aires
495,"KORENFELD, Beatriz Liliana",Santa Cruz
496,"KOSINER, Pablo Francisco Juan",Salta
497,"KRONEBERGER, Daniel Ricardo",La Pampa
498,"KUNEY, Mónica Adriana",Santa Cruz
499,"KUNKEL, Carlos Miguel",Buenos Aires
500,"LAFALLA, Arturo Pedro",Mendoza
501,"LAMBERTO, Oscar Santiago",Santa Fe
502,"LAMISOVSKY, Arnaldo",Córdoba
503,"LANCETA, Rubén Orfel",Buenos Aires
504,"LANDAU, Jorge Alberto",Buenos Aires
505,"LANZA, José Luis",Cdad.Aut.Bs.As.
506,"LARRABURU, Damaso",Buenos Aires
507,"LARREGUY, Carlos Alberto",Rio Negro
508,"LARROQUE, Andrés",Cdad.Aut.Bs.As.
509,"LATORRE, Roxana Itati",Santa Fe
510,"LAURITTO, José Eduardo",Entre Ríos
511,"LEDESMA, Julio Rubén",Buenos Aires
512,"LEGUIZAMON, Anibal Ernesto",Buenos Aires
513,"LEGUIZAMON, María Laura",Buenos Aires
514,"LEMME, María Alicia",San Luis
515,"LEMOS, Silvia",Mendoza
516,"LENZ, María Beatriz",Cdad.Aut.Bs.As.
517,"LEONELLI, María Silvina",Córdoba
518,"LERNOUD, María Teresa",Chubut
519,"LEVERBERG, Stella Maris",Misiones
520,"LEYBA de MARTI, Beatriz",Córdoba
521,"L'HUILLIER, José Guillermo",San Luis
522,"LINARES, María del Carmen",Chubut
523,"LINARES, María Virginia",Buenos Aires
524,"LISSI, Liliana",Santa Fe
525,"LIX KLETT, Roberto Ignacio",Tucumán
526,"LLAMBI, Susana Beatriz",Neuquén
527,"LLAMOSAS, Fernando Elías",Misiones
528,"LLANO, Gabriel Joaquín",Mendoza
529,"LLANOS, Edith",Buenos Aires
530,"LLANOS, Ermindo Edgardo Marcelo",Jujuy
531,"LLERA, Timoteo",Misiones
532,"LÖFFLER, Ernesto Adrian",Tierra del Fuego
533,"LOFRANO, Elsa Gladi",Chubut
534,"LOPEZ ARIAS, Marcelo Eduardo",Salta
535,"LOPEZ, Amelia de los Milagros",Córdoba
536,"LOPEZ, Ernesto Segundo",San Juan
537,"LOPEZ, Juan Carlos",Buenos Aires
538,"LOPEZ, Juan Carlos",Misiones
539,"LOPEZ, Rafael Angel",Formosa
540,"LORENZO BOROCOTO, Eduardo",Cdad.Aut.Bs.As.
541,"LORENZO, Antonio Arnaldo",San Luis
542,"LORGES, Juan Carlos",Buenos Aires
543,"LOTTO de VECCHIETTI, Inés Beatriz",Formosa
544,"LOUTAIF, Julio César",Salta
545,"LOVAGLIO SARAVIA, Antonio",Salta
546,"LOZANO, Claudio Raúl",Cdad.Aut.Bs.As.
547,"LOZANO, Encarnación",Neuquén
548,"LUBERTINO, María José",Cdad.Aut.Bs.As.
549,"LUGO de GONZALES CABAÑAS, Cecilia",Corrientes
550,"LUNA de MARCOS, Ana Zulema",Santiago del Estero
551,"LUSQUIÑOS, Luis Bernardo",San Luis
552,"LYNCH, Juan Carlos",Cdad.Aut.Bs.As.
553,"MACALUSE, Eduardo Gabriel",Buenos Aires
554,"MACCHI, Carlos Guillermo",Corrientes
555,"MACRI, Mauricio",Cdad.Aut.Bs.As.
556,"MAESTRO, Carlos",Chubut
557,"MAFFEI, Marta Olinda",Buenos Aires
558,"MAJDALANI, Silvia Cristina",Buenos Aires
559,"MALDONADO, Aída Francisca",Catamarca
560,"MALDONADO, Hugo",Chaco
561,"MANSUR, Nélida Mabel",Buenos Aires
562,"MANSUR, Ricardo Alfredo",Mendoza
563,"MANZOTTI, Mabel Gladys",Buenos Aires
564,"MARCO DEL PONT, Mercedes",Cdad.Aut.Bs.As.
565,"MARCONATO, Gustavo Angel",Santa Fe
566,"MARCONETTO, Aldo Juan",Chubut
567,"MARELLI, Mabel",Misiones
568,"MARINO, Adriana del Carmen",San Juan
569,"MARINO, Juliana Isabel",Cdad.Aut.Bs.As.
570,"MARTIARENA, Mario Humberto",Jujuy
571,"MARTIN, María Elena",Santa Fe
572,"MARTINELLI, Guillermo Jesús",Salta
573,"MARTINEZ CARIGNANO, Ernesto Félix",Córdoba
574,"MARTINEZ GARBINO, Emilio",Entre Ríos
575,"MARTINEZ LLANO, José Rodolfo",Corrientes
576,"MARTINEZ LLANOS, José Rodolfo",Corrientes
577,"MARTINEZ ODDONE, Heriberto Agustín",Córdoba
578,"MARTINEZ RAYMONDA, Rafael",Cdad.Aut.Bs.As.
579,"MARTINEZ, Alfredo",Santa Cruz
580,"MARTINEZ, Carlos Alberto",Buenos Aires
581,"MARTINEZ, Ernesto Félix",Córdoba
582,"MARTINEZ, Gerardo Alberto",Buenos Aires
583,"MARTINEZ, Julio César",La Rioja
584,"MARTINEZ, Manuel Luis",Buenos Aires
585,"MARTINEZ, Oscar Ariel",Santa Fe
586,"MARTINEZ, Silvia Virginia",Buenos Aires
587,"MARTINEZ, Soledad",Buenos Aires
588,"MARTINI, Hugo",Cdad.Aut.Bs.As.
589,"MASSEI, Oscar Ermelindo",Neuquén
590,"MASTROGIACOMO, Miguel Angel",Buenos Aires
591,"MATZKIN, Jorge Rubén",La Pampa
592,"MAYANS, María Susana",Jujuy
593,"MAZZARELLA, Susana del Valle",Córdoba
594,"MAZZEI, Hector Santiago",Buenos Aires
595,"MEDIZA, Heriberto Eloy",La Pampa
596,"MELILLO, Fernando Cesar",Cdad.Aut.Bs.As.
597,"MENDEZ de FERREYRA, Araceli Estela",Corrientes
598,"MENDEZ de MEDINA LAREU, Catalina",Corrientes
599,"MENDOZA, Mayra Soledad",Buenos Aires
600,"MENDOZA, Sandra Marcela",Chaco
601,"MENEM, Eduardo Adrián",La Rioja
602,"MERA, Dalmacio",Catamarca
603,"MERCHAN, Paula Cecilia",Córdoba
604,"MERINO, Raul Guillermo",Córdoba
605,"MERLO de RUIZ, María Celestina",San Luis
606,"MERLO, Mario Raúl",San Luis
607,"METAZA, Mario Alfredo",Santa Cruz
608,"MEZA, Martha Elizabeth",Formosa
609,"MICHETTI, Marta Gabriela",Cdad.Aut.Bs.As.
610,"MILESI, Marta Silvia",Rio Negro
611,"MILLET, Juan Carlos",Santa Fe
612,"MILMAN, Gerardo Fabián",Buenos Aires
613,"MINGUEZ, Juan Jesús",San Juan
614,"MIRABILE, José Arnaldo",San Luis
615,"MIRALLES de ROMERO, Norma",Neuquén
616,"MIRKIN, Beatriz Graciela",Tucumán
617,"MOISES, Julio Carlos",Jujuy
618,"MOISES, María Carolina",Jujuy
619,"MOLAS, Pedro Omar",Catamarca
620,"MOLINA, Manuel Isauro",Catamarca
621,"MOLINARI ROMERO, Luis",Córdoba
622,"MONAYAR, Ana María Cármen",Córdoba
623,"MONGELO, José Ricardo",Chaco
624,"MONTEAGUDO, María Lucrecia",Buenos Aires
625,"MONTENEGRO, Olinda",Chaco
626,"MONTERO, Laura Gisela",Mendoza
627,"MONTI, Lucrecia Etelvina",Cdad.Aut.Bs.As.
628,"MONTOYA, Fernando Ramón",Córdoba
629,"MONTOYA, Jorge Luciano",Córdoba
630,"MORALES, Nélida Beatriz",Buenos Aires
631,"MORAN, Juan Carlos",Buenos Aires
632,"MORANDINI, Norma Elena",Córdoba
633,"MORANTE, Antonio Arnaldo María",Chaco
634,"MORAY, Hector Luis",Corrientes
635,"MOREAU, Leopoldo Raúl",Buenos Aires
636,"MOREAU, Leopolo Raúl",Buenos Aires
637,"MOREJON, Manuel Amor",Chubut
638,"MORENO RAMIREZ, Arturo Jorge",San Juan
639,"MORENO, Carlos Julio",Buenos Aires
640,"MORGADO, Claudio Marcelo",Cdad.Aut.Bs.As.
641,"MORINI, Pedro Juan",Santa Fe
642,"MOSSO, Ana Maria",Mendoza
643,"MOUILLERON, Roberto Mario",Buenos Aires
644,"MOURIÑO, Javier",Cdad.Aut.Bs.As.
645,"MOYANO, Juan Facundo",Buenos Aires
646,"MUKDISE, Miguel Roberto Daives",Santiago del Estero
647,"MULLER, Edgar Raúl",Córdoba
648,"MULLER, Mabel Hilda",Buenos Aires
649,"MUSA, Laura Cristina",Cdad.Aut.Bs.As.
650,"NAIM, Lidia Lucía",Buenos Aires
651,"NARDELLI, Santiago",Buenos Aires
652,"NARDUCCI, Alicia Isabel",Córdoba
653,"NATALE, Alberto Adolfo",Santa Fe
654,"NAVARRO, Graciela",Santiago del Estero
655,"NEBREDA, Carmen Rosa",Córdoba
656,"NEGRI, Mario Raúl",Córdoba
657,"NEME-SCHEIJ, Alfredo",Tucumán
658,"NEMIROVSCI, Osvaldo Mario",Rio Negro
659,"NERI, Aldo",Cdad.Aut.Bs.As.
660,"NICOTRA, Norberto Reynaldo",Santa Fe
661,"NIETO BRIZUELA, Benjamín Ricardo",La Rioja
662,"NIEVA, Alejandro Mario",Jujuy
663,"NOFAL, Beatriz",Cdad.Aut.Bs.As.
664,"OBEID, Jorge Alberto",Santa Fe
665,"OBIGLIO, Julián Martín",Cdad.Aut.Bs.As.
666,"OCAIVA, Maria Graciela",Buenos Aires
667,"OCAÑA, Maria Graciela",Buenos Aires
668,"OCAÑA, María Graciela",Buenos Aires
669,"OLIVA, Cristian Rodolfo",Santiago del Estero
670,"OLIVERO, Juan Carlos",La Pampa
671,"OLMEDO, Alfredo Horacio",Salta
672,"OLMOS, Graciela Hortencia",Santiago del Estero
673,"OPORTO, Mario Néstor",Buenos Aires
674,"OROZCO, Jorge Alberto",Buenos Aires
675,"ORSOLINI, Pablo Eduardo",Chaco
676,"ORTEGA, Marta Isabel",Córdoba
677,"ORTIZ CORREA, Marcia Sara María",Catamarca
678,"ORTIZ, Mariela",Jujuy
679,"OSCOS, María Ilse",Neuquén
680,"OSORIO, Marta Lucía",La Pampa
681,"OSTROPOLSKY, Aldo Hector",Mendoza
682,"OSUNA, Blanca Inés",Entre Ríos
683,"OVIEDO, Alejandra Beatriz",La Rioja
684,"PAIS, Juan Mario",Chubut
685,"PALOMO, Nelida Manuela",Santiago del Estero
686,"PALOU, Marta",Misiones
687,"PAMPURO, José Juan",Buenos Aires
688,"PAMPURO, Jose Juan Bautista",Buenos Aires
689,"PANSA, Sergio Horacio",San Luis
690,"PANZONI, Patricia Ester",Buenos Aires
691,"PARADA, Liliana Beatriz",Cdad.Aut.Bs.As.
692,"PAREDES URQUIZA, Alberto Nicolás",La Rioja
693,"PARENTELLA, Irma Fidela",Cdad.Aut.Bs.As.
694,"PAROLA, Carlos",Santa Fe
695,"PAROLI, Raúl Omar",Catamarca
696,"PASCUAL, Jorge Raul",Rio Negro
697,"PASCUAL, Rafael Manuel",Cdad.Aut.Bs.As.
698,"PASINI, Ariel Osvaldo",Buenos Aires
699,"PASSO, Juan Carlos",La Pampa
700,"PASTORIZA, Eduardo",Catamarca
701,"PASTORIZA, Mirta Ameliana",Santiago del Estero
702,"PATTERSON, Ricardo Ancell",Santa Cruz
703,"PATTI, Luis Abelardo",Buenos Aires
704,"PELAEZ, Victor",Neuquén
705,"PEPE, Lorenzo Antonio",Buenos Aires
706,"PERALTA, Fabián Francisco",Santa Fe
707,"PEREYRA, Guillermo Antonio",Mendoza
708,"PEREZ  MARTINEZ, Claudio Héctor",La Pampa
709,"PEREZ MARTINEZ, Claudio Héctor",La Pampa
710,"PEREZ SUAREZ, Inés",Cdad.Aut.Bs.As.
711,"PEREZ, Alberto Cesar",Neuquén
712,"PEREZ, Alberto José",San Luis
713,"PEREZ, Jorge Raúl",Santiago del Estero
714,"PEREZ, Jorge Telmo",Buenos Aires
715,"PEREZ, José Adrián",Buenos Aires
716,"PEREZ, Mirta",Buenos Aires
717,"PERIE, Hugo Rubén",Corrientes
718,"PERIE, Julia Argentina",Misiones
719,"PERNASETTI, Horacio Francisco",Catamarca
720,"PEROTTI, Omar Angel",Santa Fe
721,"PERRONI, Ana María",Corrientes
722,"PESO, Stella Marys",Misiones
723,"PETIT, María de los Angeles",Entre Ríos
724,"PEYROU, Alejandro Apolinario",Buenos Aires
725,"PICAZO, Sarah Ana",Santa Fe
726,"PICCININI, Alberto José",Santa Fe
727,"PICHETTO, Miguel Angel",Rio Negro
728,"PIEMONTE, Héctor Horacio",Buenos Aires
729,"PIERRI, Alberto Reinaldo",Buenos Aires
730,"PIETRAGALLA CORTI, Horacio",Buenos Aires
731,"PILATI, Norma Raquel",Mendoza
732,"PILATTI VERGARA, María Inés",Chaco
733,"PINCHETTI de SIERRA MORALES, Delia Norma",Tucumán
734,"PINEDO, Federico",Cdad.Aut.Bs.As.
735,"PINTO BRUCHMANN, Juan Domingo",Santiago del Estero
736,"PINTO, Sergio Damián",Mendoza
737,"PIUMATO, Julio Juán",Cdad.Aut.Bs.As.
738,"PLAINI, Francisco Omar",Buenos Aires
739,"POGGI, Claudio Javier",San Luis
740,"POLINO, Hector Teodoro",Cdad.Aut.Bs.As.
741,"PORTELA, Agustín Alberto",Corrientes
742,"PORTO, Héctor Norberto",Buenos Aires
743,"POSSE, Melchor Angel",Buenos Aires
744,"PRADINES, Roberto Arturo",Mendoza
745,"PRIETO, Hugo Nelson",Neuquén
746,"PRUYAS, Tomás Rubén",Corrientes
747,"PUCHETA, Ramona",Buenos Aires
748,"PUERTA, Federico Ramón",Misiones
749,"PUIG de STUBRIN, Lilia",Santa Fe
750,"PUIGGROS, Adriana Victoria",Buenos Aires
751,"QUINTELA, Ricardo Clemente",La Rioja
752,"QUINTERO, Marta Beatriz",La Rioja
753,"QUIROGA, Horacio Rodolfo",Neuquén
754,"QUIROZ, Elsa Siria",Buenos Aires
755,"RAIMUNDI, Carlos Alberto",Buenos Aires
756,"RAPETTI, Ricardo Francisco",Buenos Aires
757,"RASINO, Elida Elena",Santa Fe
758,"RATTIN, Antonio Ubaldo",Buenos Aires
759,"RE, Hilma Leonor",Entre Ríos
760,"RECALDE, Héctor Pedro",Buenos Aires
761,"RECIO, José Antonio",Buenos Aires
762,"REDCZUK, Oscar Felipe",Misiones
763,"REGAZZOLI, María Cristina",La Pampa
764,"REJAL, Jesús Fernando",La Rioja
765,"REMES LENICOV, Jorge Luis",Buenos Aires
766,"REYES, María Fernanda",Cdad.Aut.Bs.As.
767,"RIAL, Osvaldo Hugo",Buenos Aires
768,"RICHTER, Ana",Córdoba
769,"RICO, María del Carmen Cecilia",Buenos Aires
770,"RIESTRA, Antonio Sabino",Santa Fe
771,"RIOBOO, Sandra Adriana",Buenos Aires
772,"RIOS, Liliana María",Entre Ríos
773,"RIOS, María Fabiana",Tierra del Fuego
774,"RIOS, Roberto Fabián",Corrientes
775,"RISKO, Silvia Lucrecia",Misiones
776,"RITONDO, Cristian",Cdad.Aut.Bs.As.
777,"RIVARA, Raúl Alberto",Buenos Aires
778,"RIVAROLA, Rubén Armando",Jujuy
779,"RIVAS, Jorge",Buenos Aires
780,"RIVAS, Olijela del Valle",Tucumán
781,"ROBERTI, Alberto Oscar",Buenos Aires
782,"ROBLEDO, Roberto Ricardo",La Pampa
783,"ROBLES AVALOS, Edmundo Eduardo",Tucumán
784,"RODIL, Rodolfo",Buenos Aires
785,"RODRIGUEZ GONZALEZ, Oliva",Buenos Aires
786,"RODRIGUEZ SAA, Adolfo",San Luis
787,"RODRIGUEZ, Evaristo Arturo",Santa Cruz
788,"RODRIGUEZ, Jesus",Cdad.Aut.Bs.As.
789,"RODRIGUEZ, Marcela Virginia",Buenos Aires
790,"RODRIGUEZ, Oscar Ernesto R.",Buenos Aires
791,"ROGEL, Fabián Dulio",Entre Ríos
792,"ROGGERO, Humberto Jesus",Córdoba
793,"ROJKES de ALPEROVICH, Beatriz Liliana",Tucumán
794,"ROLDAN, José María",Corrientes
795,"ROMA, Rafael Edgardo",Buenos Aires
796,"ROMAN, Carmen",Formosa
797,"ROMANO, Antonio Anselmo",Santiago del Estero
798,"ROMERO, Gabriel",Neuquén
799,"ROMERO, Gabriel Luis",Neuquén
800,"ROMERO, Hector Ramon",Chaco
801,"ROMERO, Héctor Ramón",Chaco
802,"ROMERO, José Antonio",Buenos Aires
803,"ROMERO, Rosario",Entre Ríos
804,"ROQUEL, Rodolfo",Formosa
805,"ROSAS, Angel",Chaco
806,"ROSELLI, José Alberto",Cdad.Aut.Bs.As.
807,"ROSSI, Agustín Oscar",Santa Fe
808,"ROSSI, Alejandro Luis",Santa Fe
809,"ROSSI, Cipriana Lorena",Rio Negro
810,"ROSSO, Graciela Zulema",Buenos Aires
811,"ROY, Irma",Cdad.Aut.Bs.As.
812,"ROZAS, Angel",Chaco
813,"RUBINI, Mirta Elsa",Buenos Aires
814,"RUCCI, Claudia Monica",Buenos Aires
815,"RUCKAUF, Carlos Federico",Buenos Aires
816,"RUIZ, Aida Delia",Santiago del Estero
817,"RUIZ, Ramón",Buenos Aires
818,"SAADE, Blanca Azucena",Salta
819,"SAADI, Ramón Eduardo",Catamarca
820,"SABBATELLA, Martín",Buenos Aires
821,"SACCA, Luis Fernando",Tucumán
822,"SALIM, Fernando Omar",Santiago del Estero
823,"SALIM, Juan Arturo",Tucumán
824,"SALUM, Osvaldo Rubén",Salta
825,"SALVATORI, Pedro",Neuquén
826,"SANCHEZ, Fernando",Cdad.Aut.Bs.As.
827,"SANCHEZ, Liliana Ester",Buenos Aires
828,"SANTANDER, Mario",La Rioja
829,"SANTILLAN, Marcelo",Tucumán
830,"SANTILLAN, Walter Marcelo",Tucumán
831,"SANTILLI, Diego Cesar",Cdad.Aut.Bs.As.
832,"SANTIN, Eduardo",Buenos Aires
833,"SAPAG, Silvia Estela",Neuquén
834,"SAQUER, José Luis",Chaco
835,"SAREDI, Roberto Miguel",Buenos Aires
836,"SARGHINI, Jorge Emilio",Buenos Aires
837,"SARTORI, Diego Horacio",Misiones
838,"SATRAGNO, Lidia Elsa",Buenos Aires
839,"SAVRON, Hayde Teresa",Neuquén
840,"SCALESI, Juan Carlos",Rio Negro
841,"SCARPIN, Delki",Santa Fe
842,"SCHIARETTI, Juan",Córdoba
843,"SCHIAVONI, Esther Aida",Cdad.Aut.Bs.As.
844,"SCHMIDT-LIERMANN, Cornelia",Cdad.Aut.Bs.As.
845,"SCIOLI, Daniel Osvaldo",Cdad.Aut.Bs.As.
846,"SCIUTTO, Rubén Darío",Tierra del Fuego
847,"SEBASTIANI, Claudio Augusto",Buenos Aires
848,"SEBRIANO, Luis Alberto",Formosa
849,"SEGARRA, Adela Rosa",Buenos Aires
850,"SEJAS, Lisandro Mauricio",Buenos Aires
851,"SELLARES, Francisco Nicolás",Santa Fe
852,"SEREBRINSKY, Gustavo Eduardo",Buenos Aires
853,"SESMA, Laura Judith",Córdoba
854,"SIMONCINI, Silvia Rosa",Santa Fe
855,"SLUGA, Juan Carlos",Buenos Aires
856,"SNOPEK, Carlos Daniel",Jujuy
857,"SODA, Maria Nilda",Misiones
858,"SOLA, Felipe Carlos",Buenos Aires
859,"SOLANAS, Fernando Ezequiel",Cdad.Aut.Bs.As.
860,"SOLANAS, Julio Rodolfo Francisco",Entre Ríos
861,"SOLANAS, Raúl Patricio",Entre Ríos
862,"SOLMOIRAGO, Raul Jorge",Misiones
863,"SOÑEZ, Federico Roman",Entre Ríos
864,"SORIA, Carlos Ernesto",Buenos Aires
865,"SOSA, Carlos Alberto",Salta
866,"SOTO, Gladys Beatriz",Chaco
867,"SPATOLA, Paola Rosana",Buenos Aires
868,"STELLA, Anibal Jesus",Buenos Aires
869,"STOLBIZER, Margarita Rosa",Buenos Aires
870,"STORANI, Federico Teobaldo",Buenos Aires
871,"STORANI, María Luisa",Buenos Aires
872,"STORERO, Hugo",Santa Fe
873,"STORNI, Silvia",Córdoba
874,"STUBRIN, Marcelo Juan Alberto",Cdad.Aut.Bs.As.
875,"SUAREZ ALVAREZ DE PALOU, Marta",Misiones
876,"SYLVESTRE BEGNIS, Juan Héctor",Santa Fe
877,"TANONI, Enrique",Salta
878,"TATE, Alicia Ester",Santa Fe
879,"TAZZIOLI, Atilio Pascual",Córdoba
880,"TEJERINA, Julio Alberto",Santa Fe
881,"TERADA, Alicia",Chaco
882,"THOMAS, Enrique Luis",Mendoza
883,"TINEO, Javier Héctor",La Rioja
884,"TINNIRELLO, Carlos Alberto",Cdad.Aut.Bs.As.
885,"TOLEDO, Hugo David",Buenos Aires
886,"TOMA, Miguel Angel",Cdad.Aut.Bs.As.
887,"TOMAS, Héctor Daniel",San Juan
888,"TOMAZ, Adriana Elisa",Buenos Aires
889,"TONELLI, Pablo Gabriel",Buenos Aires
890,"TONELLI, Pablo Gabriel",Cdad.Aut.Bs.As.
891,"TORFE, Mónica Liliana",Salta
892,"TORINO, Héctor Omar",San Luis
893,"TORRES MOLINA, Ramon Horacio",Buenos Aires
894,"TORRES, Francisco",Tucumán
895,"TORRONTEGUI, María Angélica",San Luis
896,"TREJO, Luis Alberto",Tierra del Fuego
897,"TRIACA, Alberto Jorge",Cdad.Aut.Bs.As.
898,"TULIO, Rosa Ester",Buenos Aires
899,"TUNESSI, Juan Pedro",Buenos Aires
900,"UBALDINI, Saul Edolver",Buenos Aires
901,"UÑAC, José Rubén",San Juan
902,"URLICH, Carlos",Chaco
903,"URTUBEY, Juan Manuel",Salta
904,"VACA NARVAJA, Patricia",Córdoba
905,"VAGO, Ricardo Nicolás",Buenos Aires
906,"VALDOVINOS, Arnaldo Pastor",Misiones
907,"VALINOTTO, Jorge Anselmo",Córdoba
908,"VANOSSI, Jorge",Cdad.Aut.Bs.As.
909,"VAQUIE, Enrique Andrés",Mendoza
910,"VARESE, Luis Segundo",San Juan
911,"VARGAS AIGNASSE, Gerónimo",Tucumán
912,"VARISCO, Sergio Fausto",Entre Ríos
913,"VARIZAT, Daniel Alberto",Santa Cruz
914,"VAZQUEZ de TABERNISE, Silvia Beatriz",Buenos Aires
915,"VAZQUEZ, Ricardo Hector",Buenos Aires
916,"VAZQUEZ, Silvia Beatriz",Buenos Aires
917,"VEAUTE, Mariana Alejandra",Catamarca
918,"VEGA, Juan Carlos",Córdoba
919,"VELARDE, Marta Sylvia",Santiago del Estero
920,"VENICA, Pedro Antonio",Formosa
921,"VERA, Pedro Ramón Ademar",Corrientes
922,"VIALE, Lisandro Alfredo",Entre Ríos
923,"VIDELA, Nora Esther",San Luis
924,"VILARIÑO, José Antonio",Salta
925,"VILLA, José Antonio",San Juan
926,"VILLALBA, Alfredo Horacio",Buenos Aires
927,"VILLATA, Graciela Susana",Córdoba
928,"VILLAVERDE, Jorge Antonio",Buenos Aires
929,"VITALE, Domingo",Buenos Aires
930,"VITAR, Jose Alberto",Tucumán
931,"VIVO, Horacio",Cdad.Aut.Bs.As.
932,"VOLANDO, Humberto Antonio",Córdoba
933,"WALSH, Patricia",Cdad.Aut.Bs.As.
934,"WAYAR, Walter Raúl",Salta
935,"WEST, Mariano Federíco",Buenos Aires
936,"WILDER, Ricardo",Tierra del Fuego
937,"YAGÛE, Linda Cristina",Neuquén
938,"YARADE, Rodolfo Fernando",Salta
939,"YAREGUI, Alberto",Buenos Aires
940,"YAZBEK, Rubén David",Catamarca
941,"YOMA, Jorge Raul",La Rioja
942,"ZABALZA, Juan Carlos",Santa Fe
943,"ZACARIAS, Juan Domingo",Entre Ríos
944,"ZAMARREÑO, María Eugenia",Buenos Aires
945,"ZAMORA, Luis Fernando",Cdad.Aut.Bs.As.
946,"ZANCADA, Pablo",Santa Fe
947,"ZAPATA MERCADER, Jorge",Mendoza
948,"ZAVALLO, Gustavo",Entre Ríos
949,"ZBAR, Agustín",Cdad.Aut.Bs.As.
950,"ZIEBART, Cristina Isabel",Chubut
951,"ZIEGLER, Alex Roberto",Misiones
952,"ZIMMERMANN, Víctor",Chaco
953,"ZOTTOS, Miguel Andrés Costas",Salta
954,"ZUCCARDI, Cristina",Mendoza
955,"ZUÑIGA, Ovidio Octavio",Rio Negro
