diputadoId,nombre,distrito
1,"ABRAMETO, Jacobo Alberto",Río Negro
2,"AGUIRRE, Hilda Clelia",La Rioja
3,"AGUNDEZ, Jorge Alfredo",San Luis
4,"ARANCIO DE BELLER, Mónica",Jujuy
5,"ARTAZA, Eugenio Justiniano",Corrientes
6,"AVELÍN, Nancy Barbarita",San Juan
7,"BANICEVICH, Jorge Esteban",Santa Cruz
8,"BAR, Graciela Yolanda",Entre Ríos
9,"BARRIONUEVO, Walter Basilio",Jujuy
10,"BASUALDO, Roberto Gustavo",San Juan
11,"BERMEJO, Rolando Adolfo",Mendoza
12,"BIANCALANI, Fabio Darío",Chaco
13,"BLAS, Inés Imelda",Catamarca
14,"BONGIORNO, María José",Río Negro
15,"BORELLO, Marta Teresita",Córdoba
16,"BORTOLOZZI, Adriana Raquel",Formosa
17,"BUSSI, Ricardo Argentino",Tucumán
18,"CABANCHIK, Samuel Manuel",Ciudad Autónoma de Buenos Aires
19,"CABRAL, Salvador",Misiones
20,"CAFIERO, Antonio Francisco",Buenos Aires
21,"CALCAGNO Y MAILLMAN, Eric",Buenos Aires
22,"CANO, José Manuel",Tucumán
23,"CAPARROS, Mabel Luisa",Tierra del Fuego
24,"CAPITANICH, Jorge Milton",Chaco
25,"CAPOS, Liliana Delia",Tierra del Fuego
26,"CASTILLO, Oscar Aníbal",Catamarca
27,"CASTRO, María Elisa",Santiago del Estero
28,"CIMADEVILLA, Mario Jorge",Chubut
29,"CLOSS, Maurice Fabián",Misiones
30,"COLAZO, Mario Jorge",Tierra del Fuego
31,"COLOMBO DE ACEVEDO, María Teresa",Catamarca
32,"CONTI, Diana Beatriz",Buenos Aires
33,"CORPACCI de MERCADO, Lucia B .",Catamarca
34,"CORRADI DE BELTRÀN, Ana María",Santiago del Estero
35,"CORREGIDO, Elena Mercedes",Chaco
36,"CURLETTI, Miriam Belén",Chaco
37,"DANIELE, Mario Domingo",Tierra del Fuego
38,"DE LA ROSA, María Graciela",Formosa
39,"DI PERNA, Graciela Agustina",Chubut
40,"DIAZ, María Rosa",Tierra del Fuego
41,"ESCUDERO, Sonia Margarita",Salta
42,"ESTENSSORO, María Eugenia",Ciudad Autónoma de Buenos Aires
43,"FALCO, Luis Alberto",Río Negro
44,"FELLNER, Liliana Beatriz",Jujuy
45,"FERNANDEZ DE KIRCHNER, Cristina",Buenos Aires
46,"FERNANDEZ DE KIRCHNER, Cristina",Santa Cruz
47,"FERNANDEZ, Aníbal Domingo",Buenos Aires
48,"FERNANDEZ, Nicolás Alejandro",Santa Cruz
49,"FILMUS, Daniel Fernando",Ciudad Autónoma de Buenos Aires
50,"FORSTMANN, Selva Judit",Santa Cruz
51,"FUENTES, Marcelo Jorge",Neuquén
52,"GALLEGO, Silvia Ester",La Pampa
53,"GALLIA, Sergio Adrián",Neuquén
54,"GIMENEZ, Sandra Daniela",Misiones
55,"GIOJA, César Ambrosio",San Juan
56,"GIRI, Haidé Delia",Córdoba
57,"GIUSTI, Silvia Ester",Chubut
58,"GIUSTINIANI, Rubén Héctor",Santa Fe
59,"GODOY, Ruperto Eduardo",San Juan
60,"GOMEZ DIEZ, Ricardo",Salta
61,"GONZALEZ DE DUHALDE, Hilda Beatriz",Buenos Aires
62,"GONZALEZ, Pablo Gerardo",Santa Cruz
63,"GUASTAVINO, Pedro Guillermo Ángel",Entre Ríos
64,"GUINLE, Marcelo Alejandro",Chubut
65,"HIGONET, María de los Angeles",La Pampa
66,"IBARRA, Vilma Lidia",Ciudad Autónoma de Buenos Aires
67,"IRRAZABAL, Juan Manuel",Misiones
68,"ISIDORI, Amanda Mercedes",Río Negro
69,"ITURREZ de CAPELLINI, Ada Rosa",Santiago del Estero
70,"JAQUE, Celso Alejandro",Mendoza
71,"JENEFES, Guillermo Raúl",Jujuy
72,"JUEZ, Luís Alfredo",Córdoba
73,"KIRCHNER, Alicia Margarita Antonia",Santa Cruz
74,"LABADO, María Ester",Santa Cruz
75,"LATORRE, Roxana Itatí",Santa Fe
76,Legislador a Designar,Ver
77,"LEGUIZAMÓN, María Laura",Buenos Aires
78,"LEGUIZAMÓN, María Laura",Ciudad Autónoma de Buenos Aires
79,"LESCANO, Marcela Fabiana",Formosa
80,"LINARES, Jaime",Buenos Aires
81,"LÓPEZ ARIAS, Marcelo Eduardo",Salta
82,"LÓPEZ, Osvaldo Ramón",Tierra del Fuego
83,"LORES, Horacio",Neuquén
84,"LOSADA, Mario Aníbal",Misiones
85,"LUNA, Mirtha María Teresita",La Rioja
86,"MANSILLA, Sergio Francisco",Tucumán
87,"MARIN, Rubén Hugo",La Pampa
88,"MARINO, Juan Carlos",La Pampa
89,"MARTIN, Floriana Nélida",San Juan
90,"MARTINAZZO, Luis Eduardo",San Juan
91,"MARTÍNEZ PASS de CRESTO, Laura",Entre Ríos
92,"MARTINEZ, Alfredo Anselmo",Santa Cruz
93,"MARTINEZ, José Carlos",Tierra del Fuego
94,"MASSONI, Norberto",Chubut
95,"MASTANDREA, Alicia Ester",Chaco
96,"MAYANS, José Miguel Ángel",Formosa
97,"MAZA, Ada Mercedes",La Rioja
98,"MEABE de MATHO, Josefina Angélica",Corrientes
99,"MENEM, Carlos Saúl",La Rioja
100,"MENEM, Eduardo",La Rioja
101,"MERA, Mario Rubén",Santiago del Estero
102,"MESTRE, Ramón Javier",Córdoba
103,"MIRANDA, Julio Antonio",Tucumán
104,"MONLLAU, Blanca María del Valle",Catamarca
105,"MONTERO, Laura Gisela",Mendoza
106,"MORALES, Gerardo Rubén",Jujuy
107,"MORANDINI, Norma Elena",Córdoba
108,"MULLER, Mabel Hilda",Buenos Aires
109,"NEGRE DE ALONSO, Liliana Teresita",San Luis
110,"NIKISCH, Roy Abelardo",Chaco
111,"OCHOA, Raúl Ernesto",San Luis
112,"OSUNA, Blanca Inés",Entre Ríos
113,"OVIEDO, Mercedes Margarita",Misiones
114,"PAMPURO, José Juan Bautista",Buenos Aires
115,"PARRILLI, Nanci María Agustina",Neuquén
116,"PAZ, Elva Azucena",Formosa
117,"PERCEVAL, María Cristina",Mendoza
118,"PEREZ ALSINA, Juan Agustín",Salta
119,"PERSICO, Daniel Raúl",San Luis
120,"PETCOFF NAIDENOFF, Luis Carlos",Formosa
121,"PICHETTO, Miguel Ángel",Río Negro
122,"PINCHETTI de SIERRA MORALES, Delia Norma",Tucumán
123,"PRADES, Carlos Alfonso",Santa Cruz
124,"PUERTA, Federico Ramón",Misiones
125,"QUINTELA, Teresita Nicolasa",La Rioja
126,"RACHED, Emilio Alberto",Santiago del Estero
127,"REUTEMANN, Carlos Alberto",Santa Fe
128,"RIOFRIO, Marina Raquel",San Juan
129,"RÍOS, Roberto Fabián",Corrientes
130,"RODRIGUEZ SAA, Adolfo",San Luis
131,"ROJKES de ALPEROVICH, Beatriz L .",Tucumán
132,"ROLDAN, José María",Corrientes
133,"ROMERO, Juan Carlos",Salta
134,"ROSSI, Carlos Alberto",Córdoba
135,"RUIZ DIAZ, Elsa Beatriz",Entre Ríos
136,"SAADI, Ramón Eduardo",Catamarca
137,"SALAZAR, Carlos Eduardo",Tucumán
138,"SALVATORI, Pedro",Neuquén
139,"SANCHEZ, María Dora",Corrientes
140,"SANZ, Ernesto Ricardo",Mendoza
141,"SAPAG, Luz María",Neuquén
142,"TAFFAREL, Ricardo Cesar",Entre Ríos
143,"TERRAGNO, Rodolfo",Ciudad Autónoma de Buenos Aires
144,"TORRES, Eduardo Enrique",Misiones
145,"TROADELLO, Mónica",Mendoza
146,"URQUIA, Roberto Daniel",Córdoba
147,"VERA, Arturo",Entre Ríos
148,"VERANI, Pablo",Río Negro
149,"VERNA, Carlos Alberto",La Pampa
150,"VIANA, Luis Alberto",Misiones
151,"VIGO, Elida María",Misiones
152,"VIUDES, Isabel Josefa",Corrientes
153,"YOMA, Jorge Raúl",La Rioja
154,"ZAVALIA, José Luis",Santiago del Estero
155,Legislador a Designar,Ver
